Tarih,Saat,Maç No,Hafta,A Takım,Sonuç,B Takım,Grubu,Şehir,Salon,TV,Baş Hakem,1. Yrd. Hakem,2. Yrd. Hakem,Temsilci,1. Masa G.,2. Masa G.,3. Masa G.,4. Masa G.,Salon.1
12.10.2019,14:00,1BA2178,01,SAMSUN CANİK BELEDİYE,44 - 93,BÜYÜKŞEHİR BELEDİYESİ ADANA BASKETBOL,,SAMSUN,Mustafa Dağıstanlı Spor Salonu,,SÜLEYMAN DAĞDER DAĞLI,UMUT ÖZGÜN ERGÜN,HAKAN GEREY,ERHAN ELBİR,YEŞİM YILDIZ COŞKUN,MERVE SERDAR,ÇAĞRI TEMUR,ESRA BAYZAT,Mustafa Dağıstanlı Spor Salonu
12.10.2019,15:15,1BA2182,01,FENERBAHÇE ÖZNUR KABLO,97 - 54,BEŞİKTAŞ TRC İNŞAAT,,İSTANBUL,Fenerbahçe Metro Enerji Spor Salonu,TİVİBU Spor,TEKİN ÖZÜBİR,KEREM YILMAZ,SERDAR SARAÇ,RAHŞAN ŞEBNEM TÜMER,BEGÜM SAVAŞ,PERİHAN GİZEM ÜNSAL,ELİF ERGÜÇ,DEMET ULUCUTSOY,Fenerbahçe Metro Enerji Spor Salonu
12.10.2019,16:00,1BA2179,01,BOTAŞ,64 - 72,OGM ORMANSPOR,,ANKARA,Ankara Dsi Etlik Spor Salonu,,AYDIN KARAÇAM,OGÜN CILIZ,SEDA ESEN,HALDUN KUNT,PELİN KUZU,SAHRA ÇOKER,ARDA GÜRBÜZ,ANIL ENDER DURGUN,Ankara Dsi Etlik Spor Salonu
12.10.2019,17:00,1BA2181,01,İZMİT BELEDİYESPOR,100 - 101,BİREVİM ELAZIĞ İL ÖZEL İDARE,,KOCAELİ,Kocaeli Atatürk Spor Salonu,,TOLGA EDİS,AHMET MURAT ARIKANLI,MUHAMMED MURAT ZAFER,EBRU ÖZTAŞKIRAN,EBRU ÖZMEN,AYCAN PEKER,MUSTAFA SALMAN,GAMZE KURT,Kocaeli Atatürk Spor Salonu
12.10.2019,17:30,1BA2177,01,ÇBK MERSİN YENİŞEHİR BELEDİYESİ,75 - 80,HATAY BŞB.,,MERSİN,Servet Tazegül Spor Salonu,TİVİBU Spor,ERGİN SARI,GÖKSUN ÖZ,HANDE ÖZTÜRK,YUSUF BÜYÜKFİDAN,SÜREYYA KANALICI,LEVENT YORULMAZ,ŞÜKRÜ SITKI,CANER SERTEL,Servet Tazegül Spor Salonu
13.10.2019,15:15,1BA2176,01,GALATASARAY,89 - 64,ÇANKAYA ÜNİVERSİTESİ,,İSTANBUL,Ahmet Cömert Spor Salonu,Youtube / TBF TV,ORKUN YURTTAŞ,CEMİL UYGÜL,MÜNEVVER ÖZEMRE,UĞUR AYDEMİR,CEYDA KAPKAÇ,ESİN MÜEZZİNOĞLU,GÜL URASLI,NİLAY YILMAZ,Ahmet Cömert Spor Salonu
19.10.2019,13:30,1BA2183,02,BİREVİM ELAZIĞ İL ÖZEL İDARE,83 - 68,BELLONA KAYSERİ BASKETBOL,,ELAZIĞ,Elazığ İl Özel İdare S.S.,Youtube / TBF TV,YÜCEL ÇİLİNGİR,BENHÜR İRCEL,ABDULLAH İLİK,NAİL DEĞİRMENCİ,AYŞE GÜNHAN,SEMANUR BOZKURT,FATMA SELCEN HATİPOĞLU,DİDEM YAVUZ SÖYLER,Elazığ İl Özel İdare S.S.
19.10.2019,15:15,1BA2187,02,BÜYÜKŞEHİR BELEDİYESİ ADANA BASKETBOL,56 - 85,FENERBAHÇE ÖZNUR KABLO,,ADANA,Atatürk Spor Salonu,TİVİBU Spor,FATİH GÜLER,ALPER ELÇİKOCA,BATUHAN SÖYLEMEZOĞLU,SERKAN SU,ERTUĞRUL BÜYÜKCE,CUMALİ TOSUN,HÜSEYİN ÖKMEN,CANSU DİKİLİTAŞ,Atatürk Spor Salonu
20.10.2019,13:00,1BA2186,02,BEŞİKTAŞ TRC İNŞAAT,88 - 89,İZMİT BELEDİYESPOR,,İSTANBUL,Ahmet Cömert Spor Salonu,,UĞUR ÖZEN,İSMAİL BİNBİR,NİYAZİ YASİN KAHRAMAN,UĞUR AYDEMİR,GÜL URASLI,HİLMİ CANKUT AYNAR,GÜLİZ KONCA ADİLLER,SAMET AKYÜREK,Ahmet Cömert Spor Salonu
20.10.2019,14:00,1BA2185,02,OGM ORMANSPOR,94 - 72,ÇBK MERSİN YENİŞEHİR BELEDİYESİ,,ANKARA,M. Sait Zarifoğlu Spor Salonu,,MURAT CİNER,CEMİL UYGÜL,MUZAFFER VARDARLI,ZAFER ÖZGÜN,FATMA ÇELİK,FUNDA KONCA,FATİH ŞEN,İSMAİL FULSER,M. Sait Zarifoğlu Spor Salonu
20.10.2019,15:15,1BA2188,02,BOTAŞ,64 - 76,GALATASARAY,,ANKARA,Ankara Dsi Etlik Spor Salonu,TİVİBU Spor,ÖNDER YILMAZ,SÜLEYMAN DAĞDER DAĞLI,ANIL VEZİROĞLU,ÖNDER ŞENEL,VEYSEL SİNAN TUNCER,GÖZDE ÖZBEK,ONUR YEŞİLBAĞ,RESUL GEÇER,Ankara Dsi Etlik Spor Salonu
20.10.2019,16:30,1BA2189,02,HATAY BŞB.,97 - 58,SAMSUN CANİK BELEDİYE,,HATAY,Antakya Spor Salonu,,KEREM YILMAZ,HALİL ERKOÇ,ALİCAN ALICI,MUHAMMED DİYAÜDDİN SAĞIR,GAMZE İNAL,YUSUF GÜMÜŞ,YÜSRA BAKIRCI,MUSTAFA BEREKET,Antakya Spor Salonu
26.10.2019,14:00,1BA2190,03,ÇANKAYA ÜNİVERSİTESİ,76 - 85,BİREVİM ELAZIĞ İL ÖZEL İDARE,,ANKARA,Ankara Spor Salonu,Youtube / TBF TV,ERHAN GÜRSEL,GÖKSUN ÖZ,HANDE ÖZTÜRK,İBRAHİM EMRE AYDEMİR,SİMAY ÇAKMAK,SİNA KÜÇÜKDİLEK,FUNDA KONCA,YUNUS KAHRAMAN,Ankara Spor Salonu
26.10.2019,15:15,1BA2191,03,ÇBK MERSİN YENİŞEHİR BELEDİYESİ,54 - 62,BOTAŞ,,MERSİN,Servet Tazegül Spor Salonu,TİVİBU Spor,FATİH GÜLER,OZAN GÖNEN,BURAK YILMAZ,YEŞİM ATUŞ KARAGÖZ,MELDA KÖKLÜER,MEHMET ALİ ÖNCÜ,ŞÜKRÜ SITKI,SÜREYYA KANALICI,Servet Tazegül Spor Salonu
26.10.2019,19:30,1BA2195,03,SAMSUN CANİK BELEDİYE,55 - 80,OGM ORMANSPOR,,SAMSUN,Mustafa Dağıstanlı Spor Salonu,,SERTAN KIRKLAR,MÜNEVVER ÖZEMRE,BATUHAN KÜMÜKOĞLU,ERHAN ELBİR,ÇAĞRI TEMUR,MERVE SERDAR,FURKAN ÜNLÜ,HÜSEYİN MERT ŞEKER,Mustafa Dağıstanlı Spor Salonu
27.10.2019,15:15,1BA2196,03,BELLONA KAYSERİ BASKETBOL,96 - 91,BEŞİKTAŞ TRC İNŞAAT,,KAYSERİ,Kadir Has Kongre Merkezi Spor Salonu,,İBRAHİM ALTINTAŞ,İZEL DENİZ PEHLİVAN ÇAKICI,EYYÜP AYHAN,BAHA KAÇIN,BÜŞRA ALAN,ÇİĞDEM  ÖZKAN,EMRE KARAKAYA,DESTİNA HASTA,Kadir Has Kongre Merkezi Spor Salonu
27.10.2019,17:30,1BA2192,03,FENERBAHÇE ÖZNUR KABLO,62 - 59,HATAY BŞB.,,İSTANBUL,Fenerbahçe Metro Enerji Spor Salonu,TİVİBU Spor,ORKUN YURTTAŞ,EGEMEN ERCAN,NİHAT ÇETİN,HAKAN BEŞTEPE,BEGÜM SAVAŞ,GÖZDE BEGÜM AKÜZÜM,ESER FIRIL,ECE DİKMENLİ,Fenerbahçe Metro Enerji Spor Salonu
28.10.2019,14:00,1BA2193,03,İZMİT BELEDİYESPOR,101 - 94,BÜYÜKŞEHİR BELEDİYESİ ADANA BASKETBOL,,KOCAELİ,Kocaeli Atatürk Spor Salonu,,AYDIN KARAÇAM,YİĞİT GÖNÜLTAŞ,SEDA ESEN,RAHŞAN ŞEBNEM TÜMER,EBRU ÖZMEN,SÜLEYMAN SIRRI YÜKSEL,ENGİN DANIŞMAN,ÖZGÜR YAMAN,Kocaeli Atatürk Spor Salonu
2.11.2019,15:15,1BA2197,04,OGM ORMANSPOR,65 - 80,FENERBAHÇE ÖZNUR KABLO,,ANKARA,M. Sait Zarifoğlu Spor Salonu,TİVİBU Spor,ÖNDER YILMAZ,OZAN GÖNEN,BENHÜR İRCEL,MUSTAFA DURGUT,VEYSEL SİNAN TUNCER,SİNA KÜÇÜKDİLEK,FATİH ŞEN,RESUL GEÇER,M. Sait Zarifoğlu Spor Salonu
2.11.2019,16:00,1BA2202,04,BÜYÜKŞEHİR BELEDİYESİ ADANA BASKETBOL,80 - 96,BELLONA KAYSERİ BASKETBOL,,ADANA,Atatürk Spor Salonu,,ERGİN SARI,OGÜN CILIZ,İSMAİL BİNBİR,MUHAMMED DİYAÜDDİN SAĞIR,MEHTAP TOSUN,BURAK SEZEN,DENİZ ORGÜN,HÜLYA ÖZKAN,Atatürk Spor Salonu
3.11.2019,14:00,1BA2201,04,ÇBK MERSİN YENİŞEHİR BELEDİYESİ,72 - 81,GALATASARAY,,MERSİN,Servet Tazegül Spor Salonu,,UĞUR ÖZEN,İZEL DENİZ PEHLİVAN ÇAKICI,UMUT ÖZGÜN ERGÜN,YEŞİM ATUŞ KARAGÖZ,SÜREYYA KANALICI,LEVENT YORULMAZ,ŞÜKRÜ SITKI,RABİA YILDIZ ÖZTÜRK,Servet Tazegül Spor Salonu
3.11.2019,15:15,1BA2200,04,BEŞİKTAŞ TRC İNŞAAT,57 - 60,ÇANKAYA ÜNİVERSİTESİ,,İSTANBUL,Akatlar Spor ve Kültür Kompleksi,TİVİBU Spor,FATİH GÜLER,HALİL ERKOÇ,NİHAT ÇETİN,ALPER ERİN,AHMET ERKASAP,ZAFER RİFAİ,GÖZDE BEGÜM AKÜZÜM,ŞERMİN NAZLIGÜL,Akatlar Spor ve Kültür Kompleksi
3.11.2019,16:00,1BA2199,04,BOTAŞ,90 - 31,SAMSUN CANİK BELEDİYE,,ANKARA,Ankara Dsi Etlik Spor Salonu,,ORKUN YURTTAŞ,SEYHAN TOPALOĞLU,NİYAZİ YASİN KAHRAMAN,BURAK DEDE,MURATCAN KOLÇAK,SİNA KÜÇÜKDİLEK,ARDA GÜRBÜZ,MEHTAP ADIGÜZEL,Ankara Dsi Etlik Spor Salonu
3.11.2019,16:30,1BA2203,04,HATAY BŞB.,76 - 67,İZMİT BELEDİYESPOR,,HATAY,Antakya Spor Salonu,Youtube / TBF TV,TUNÇTAN DURMUŞCAN,ABDULLAH İLİK,ALPER ELÇİKOCA,BESTAMİ GÜL,YUSUF DURAN,ŞEYMA ÖZ TUZLUOĞLU,YÜSRA BAKIRCI,EMRE ÇULHA,Antakya Spor Salonu
9.11.2019,13:00,1BA2206,05,SAMSUN CANİK BELEDİYE,76 - 82,ÇBK MERSİN YENİŞEHİR BELEDİYESİ,,SAMSUN,Mustafa Dağıstanlı Spor Salonu,,NAZLI ÇİSİL GÜNGÖR,YİĞİT GÖNÜLTAŞ,AHMET MURAT ARIKANLI,NAZLI AYYILDIZ TURAN,ESRA BAYZAT,KÜBRA YILDIZ,HÜSEYİN MERT ŞEKER,ÇAĞRI TEMUR,Mustafa Dağıstanlı Spor Salonu
9.11.2019,13:30,1BA2204,05,ÇANKAYA ÜNİVERSİTESİ,80 - 68,BÜYÜKŞEHİR BELEDİYESİ ADANA BASKETBOL,,ANKARA,Ankara Spor Salonu,Youtube / TBF TV,İZEL DENİZ PEHLİVAN ÇAKICI,UYGAR KURT,SAMET ERDOĞAN,SEMAHATTİN YILDIZ,FUNDA KONCA,SİNA KÜÇÜKDİLEK,SİMAY ÇAKMAK,NİHAN ÜNSAL,Ankara Spor Salonu
9.11.2019,14:00,1BA2210,05,İZMİT BELEDİYESPOR,80 - 83,OGM ORMANSPOR,,KOCAELİ,Kocaeli Atatürk Spor Salonu,,SÜLEYMAN DAĞDER DAĞLI,AHMET TANER İBİN,HANDE ÖZTÜRK,MELİH SABRİ KAZMAZ,HANDE DEMİRKOL,ÖZGÜR YAMAN,MAHMUT CAYLAN,EBRU ÖZMEN,Kocaeli Atatürk Spor Salonu
9.11.2019,15:15,1BA2205,05,GALATASARAY,69 - 66,BİREVİM ELAZIĞ İL ÖZEL İDARE,,İSTANBUL,Ahmet Cömert Spor Salonu,TİVİBU Spor,TEKİN ÖZÜBİR,MUHAMMET MUSTAFA AKILLIOĞLU,ALİCAN ALICI,ENİS GÜREL,BİROL ŞİMŞEK,ERMAN YÜCEL,SEMRA AKDUMAN,EMRAH RİFAİ,Ahmet Cömert Spor Salonu
9.11.2019,16:00,1BA2208,05,BELLONA KAYSERİ BASKETBOL,77 - 59,HATAY BŞB.,,KAYSERİ,Kadir Has Kongre Merkezi Spor Salonu,,TURGUT IŞIK,CEMİL UYGÜL,SEDA ESEN,BAHA KAÇIN,MELİKE DENİZ BAYRAM,CELAL AKSOY,İSMAİL DULDA,FATİH SAVAŞKAN,Kadir Has Kongre Merkezi Spor Salonu
9.11.2019,17:30,1BA2207,05,FENERBAHÇE ÖZNUR KABLO,56 - 48,BOTAŞ,,İSTANBUL,Fenerbahçe Metro Enerji Spor Salonu,TİVİBU Spor,TUNÇTAN DURMUŞCAN,HALİL ERKOÇ,SEDEF YARICI,ALPER ERİN,BEGÜM SAVAŞ,ESER FIRIL,İREM KESKİN,GÖRKEM GÖRGÜLÜ,Fenerbahçe Metro Enerji Spor Salonu
23.11.2019,14:00,1BA2213,06,SAMSUN CANİK BELEDİYE,48 - 69,GALATASARAY,,SAMSUN,Mustafa Dağıstanlı Spor Salonu,,ERGİN SARI,MEHMET ONUR SÖNMEZ,SEDEF YARICI,MEHMET SERDAR ÇÖZELİ,ESRA BAYZAT,KÜBRA YILDIZ,MURAT ŞENDERE,BATUHAN BERK DEMİR,Mustafa Dağıstanlı Spor Salonu
23.11.2019,15:00,1BA2211,06,OGM ORMANSPOR,58 - 55,BELLONA KAYSERİ BASKETBOL,,ANKARA,M. Sait Zarifoğlu Spor Salonu,,TUNÇTAN DURMUŞCAN,TOLGA EDİS,MUHAMMED MURAT ZAFER,DERYA ANTAŞ,SAHRA ÇOKER,VEYSEL SİNAN TUNCER,FATİH ŞEN,KAMİL TOSUN,M. Sait Zarifoğlu Spor Salonu
23.11.2019,15:15,1BA2212,06,ÇBK MERSİN YENİŞEHİR BELEDİYESİ,59 - 83,FENERBAHÇE ÖZNUR KABLO,,MERSİN,Servet Tazegül Spor Salonu,TİVİBU Spor,İBRAHİM ALTINTAŞ,AHMET TANER İBİN,MESUT ÖZTÜRK,YEŞİM ATUŞ KARAGÖZ,RABİA YILDIZ ÖZTÜRK,MEHMET ALİ ÖNCÜ,LEVENT YORULMAZ,ŞÜKRÜ SITKI,Servet Tazegül Spor Salonu
23.11.2019,16:00,1BA2214,06,BOTAŞ,65 - 78,İZMİT BELEDİYESPOR,,ANKARA,Ankara Dsi Etlik Spor Salonu,,TURGUT IŞIK,NAZLI ÇİSİL GÜNGÖR,MUSTAFA CANDEMİR TABAK,ZAFER ÖZGÜN,SİMAY ÇAKMAK,TUNCER ULUŞEKER,İSMAİL FULSER,YUNUS KAHRAMAN,Ankara Dsi Etlik Spor Salonu
24.11.2019,15:15,1BA2215,06,BEŞİKTAŞ TRC İNŞAAT,87 - 76,BİREVİM ELAZIĞ İL ÖZEL İDARE,,İSTANBUL,Akatlar Spor ve Kültür Kompleksi,TİVİBU Spor,SÜLEYMAN DAĞDER DAĞLI,AHMET KEMAL DİGİLLİ,MÜNEVVER ÖZEMRE,HAKAN BEŞTEPE,AYŞE SERVER SEZER,KEREM SIRMAGİL,SEDA İŞLER,ECE DİKMENLİ,Akatlar Spor ve Kültür Kompleksi
24.11.2019,17:00,1BA2217,06,HATAY BŞB.,70 - 76,ÇANKAYA ÜNİVERSİTESİ,,HATAY,Antakya Spor Salonu,Youtube / TBF TV,YÜCEL ÇİLİNGİR,BENHÜR İRCEL,HANDE ÖZTÜRK,ALİ ATICI,GAMZE İNAL,ŞEYMA ÖZ TUZLUOĞLU,YÜSRA BAKIRCI,YUSUF GÜMÜŞ,Antakya Spor Salonu
30.11.2019,14:00,1BA2219,07,BİREVİM ELAZIĞ İL ÖZEL İDARE,95 - 86,BÜYÜKŞEHİR BELEDİYESİ ADANA BASKETBOL,,ELAZIĞ,Elazığ İl Özel İdare S.S.,,TURGUT IŞIK,AHMET MURAT ARIKANLI,SEDA ESEN,NAİL DEĞİRMENCİ,AYŞE GÜNHAN,SEMANUR BOZKURT,FATMA SELCEN HATİPOĞLU,DİDEM YAVUZ SÖYLER,Elazığ İl Özel İdare S.S.
30.11.2019,16:00,1BA2223,07,FENERBAHÇE ÖZNUR KABLO,103 - 24,SAMSUN CANİK BELEDİYE,,İSTANBUL,Fenerbahçe Metro Enerji Spor Salonu,"Youtube / TBF TV,FB TV",SÜLEYMAN DAĞDER DAĞLI,MÜNEVVER ÖZEMRE,HAKAN GEREY,BURCU KOCAOĞLU SANCAR,İREM KESKİN,GÖZDE BEGÜM AKÜZÜM,SEDA İŞLER,SEÇİL SILA KORALP,Fenerbahçe Metro Enerji Spor Salonu
30.11.2019,17:00,1BA2220,07,İZMİT BELEDİYESPOR,92 - 79,ÇBK MERSİN YENİŞEHİR BELEDİYESİ,,KOCAELİ,Kocaeli Atatürk Spor Salonu,Youtube / TBF TV,SAMİ ÖZEL,BENHÜR İRCEL,CEMİL UYGÜL,EBRU ÖZTAŞKIRAN,AYCAN PEKER,MEHTAP DANIŞMAN,ENGİN DANIŞMAN,UĞUR TÜRKYILMAZ,Kocaeli Atatürk Spor Salonu
1.12.2019,13:00,1BA2218,07,ÇANKAYA ÜNİVERSİTESİ,76 - 82,OGM ORMANSPOR,,ANKARA,Ankara Spor Salonu,TİVİBU Spor,TAHSİN KUZU,MEHMET ONUR SÖNMEZ,SEDEF YARICI,FİLİZ ÖGET,MEHTAP ADIGÜZEL,SİNA KÜÇÜKDİLEK,SİBEL FAZLIOĞLU,İSMAİL FULSER,Ankara Spor Salonu
1.12.2019,15:15,1BA2221,07,GALATASARAY,83 - 67,BEŞİKTAŞ TRC İNŞAAT,,İSTANBUL,Ahmet Cömert Spor Salonu,TİVİBU Spor,SERTAN KIRKLAR,NAZLI ÇİSİL GÜNGÖR,BATUHAN KÜMÜKOĞLU,SAVAŞ BAYRAM ERTÜRK,MELDA ÇAKIRCA,ZAFER RİFAİ,OSMAN AŞIK,GÜL URASLI,Ahmet Cömert Spor Salonu
1.12.2019,16:00,1BA2224,07,BELLONA KAYSERİ BASKETBOL,61 - 58,BOTAŞ,,KAYSERİ,Kadir Has Kongre Merkezi Spor Salonu,,TEKİN ÖZÜBİR,OZAN GÖNEN,YİĞİT GÖNÜLTAŞ,ALİ ATICI,SEVGİ ÖZÇELİK GÜNDÜZ,CELAL AKSOY,EMRE KARAKAYA,GÖZDE ÇULFACI,Kadir Has Kongre Merkezi Spor Salonu
7.12.2019,14:00,1BA2225,08,ÇBK MERSİN YENİŞEHİR BELEDİYESİ,82 - 76,BELLONA KAYSERİ BASKETBOL,,MERSİN,Servet Tazegül Spor Salonu,,EGEMEN ERCAN,AHMET KEMAL DİGİLLİ,MUZAFFER VARDARLI,YUSUF BÜYÜKFİDAN,RABİA YILDIZ ÖZTÜRK,MEHMET ALİ ÖNCÜ,ŞÜKRÜ SITKI,ÖZNUR ELMAS,Servet Tazegül Spor Salonu
7.12.2019,14:00,1BA2226,08,SAMSUN CANİK BELEDİYE,77 - 90,İZMİT BELEDİYESPOR,,SAMSUN,Mustafa Dağıstanlı Spor Salonu,,SERTAN KIRKLAR,HALİL ERKOÇ,HANDE ÖZTÜRK,ERHAN ELBİR,ESRA BAYZAT,MERVE SERDAR,TAYFUN KARAKUM,DAMLA CAN ASAN,Mustafa Dağıstanlı Spor Salonu
8.12.2019,15:15,1BA2230,08,FENERBAHÇE ÖZNUR KABLO,69 - 66,GALATASARAY,,İSTANBUL,Fenerbahçe Metro Enerji Spor Salonu,TİVİBU Spor,YÜCEL ÇİLİNGİR,KEREM YILMAZ,BENHÜR İRCEL,SAVAŞ BAYRAM ERTÜRK,GÜLTEKİN KABAŞ,ESER FIRIL,SEÇİL SILA KORALP,GÖRKEM GÖRGÜLÜ,Fenerbahçe Metro Enerji Spor Salonu
8.12.2019,16:00,1BA2229,08,BOTAŞ,61 - 71,ÇANKAYA ÜNİVERSİTESİ,,ANKARA,Ankara Dsi Etlik Spor Salonu,,İBRAHİM ALTINTAŞ,ABDULLAH İLİK,SEDA ESEN,HALDUN KUNT,İREM ERGÜN,FATİH DEMİRCİ,BİLAL UZGÖREN,FATİH ŞEN,Ankara Dsi Etlik Spor Salonu
8.12.2019,17:00,1BA2231,08,HATAY BŞB.,80 - 79,BİREVİM ELAZIĞ İL ÖZEL İDARE,,HATAY,Antakya Spor Salonu,Youtube / TBF TV,TEKİN ÖZÜBİR,ALPER ELÇİKOCA,MESUT ÖZTÜRK,SERKAN SU,SEMRA UĞRAŞAN,ŞEYMA ÖZ TUZLUOĞLU,YÜSRA BAKIRCI,ÇAĞLA ÇAY,Antakya Spor Salonu
9.12.2019,18:00,1BA2228,08,BÜYÜKŞEHİR BELEDİYESİ ADANA BASKETBOL,72 - 76,BEŞİKTAŞ TRC İNŞAAT,,ADANA,Atatürk Spor Salonu,TİVİBU Spor,MURAT CİNER,YİĞİT EMRE ŞİMŞEK,BURAK YILMAZ,MUHAMMED DİYAÜDDİN SAĞIR,MEHTAP TOSUN,MUSTAFA ERDİNÇ,HÜSEYİN ÖKMEN,DENİZ ORGÜN,Atatürk Spor Salonu
14.12.2019,14:00,1BA2233,09,BİREVİM ELAZIĞ İL ÖZEL İDARE,105 - 76,OGM ORMANSPOR,,ELAZIĞ,Elazığ İl Özel İdare S.S.,Youtube / TBF TV,İBRAHİM ALTINTAŞ,ERHAN GÜRSEL,ABDULLAH İLİK,NAİL DEĞİRMENCİ,AYŞE GÜNHAN,SEMANUR BOZKURT,FATMA SELCEN HATİPOĞLU,ERDAL KALEM,Elazığ İl Özel İdare S.S.
14.12.2019,14:00,1BA2234,09,GALATASARAY,101 - 83,BÜYÜKŞEHİR BELEDİYESİ ADANA BASKETBOL,,İSTANBUL,Ahmet Cömert Spor Salonu,,ORKUN YURTTAŞ,TOLGA EDİS,İSMAİL BİNBİR,EBRU ÖZTAŞKIRAN,AYŞE SERVER SEZER,ESİN MÜEZZİNOĞLU,HİLMİ CANKUT AYNAR,ALPKAN HACIYAKUPOĞLU,Ahmet Cömert Spor Salonu
14.12.2019,15:15,1BA2237,09,İZMİT BELEDİYESPOR,66 - 85,FENERBAHÇE ÖZNUR KABLO,,KOCAELİ,Kocaeli Atatürk Spor Salonu,TİVİBU Spor,TAHSİN KUZU,İZEL DENİZ PEHLİVAN ÇAKICI,BURAK YILMAZ,ZAFER ÖZGÜN,MEHTAP DANIŞMAN,AYCAN PEKER,SÜLEYMAN SIRRI YÜKSEL,ENGİN DANIŞMAN,Kocaeli Atatürk Spor Salonu
14.12.2019,16:00,1BA2236,09,BELLONA KAYSERİ BASKETBOL,73 - 58,SAMSUN CANİK BELEDİYE,,KAYSERİ,Kadir Has Kongre Merkezi Spor Salonu,,FATİH GÜLER,MUHAMMED MURAT ZAFER,SAMET ERDOĞAN,ABDULLAH ÖZSUVEREN,ZEHRA SERTKAYA,BÜŞRA ALAN,ELİF CENGİZ,ÇİĞDEM  ÖZKAN,Kadir Has Kongre Merkezi Spor Salonu
14.12.2019,18:30,1BA2232,09,ÇANKAYA ÜNİVERSİTESİ,71 - 70,ÇBK MERSİN YENİŞEHİR BELEDİYESİ,,ANKARA,Ankara Spor Salonu,Youtube / TBF TV,ÖNDER YILMAZ,SÜLEYMAN DAĞDER DAĞLI,KEREM YILMAZ,İBRAHİM EMRE AYDEMİR,MURATCAN KOLÇAK,SİNA KÜÇÜKDİLEK,ONUR YEŞİLBAĞ,TUNCER ULUŞEKER,Ankara Spor Salonu
15.12.2019,16:30,1BA2238,09,BEŞİKTAŞ TRC İNŞAAT,81 - 53,HATAY BŞB.,,İSTANBUL,Akatlar Spor ve Kültür Kompleksi,TİVİBU Spor,TURGUT IŞIK,MUHAMMET MUSTAFA AKILLIOĞLU,AYHAN BAYKARA,MUSTAFA DURGUT,GÜLİZ KONCA ADİLLER,GÜL URASLI,LAL DENİZ ÇELİKER,SEÇİL SILA KORALP,Akatlar Spor ve Kültür Kompleksi
21.12.2019,14:00,1BA2239,10,OGM ORMANSPOR,75 - 70,BEŞİKTAŞ TRC İNŞAAT,,ANKARA,M. Sait Zarifoğlu Spor Salonu,,ÖNDER YILMAZ,CEMİL UYGÜL,SEDEF YARICI,LÜTFİYE TAŞPINAR,NİHAN ÜNSAL,FATİH ŞEN,FATMA ÇELİK,ONUR YEŞİLBAĞ,M. Sait Zarifoğlu Spor Salonu
21.12.2019,14:00,1BA2241,10,SAMSUN CANİK BELEDİYE,53 - 74,ÇANKAYA ÜNİVERSİTESİ,,SAMSUN,Mustafa Dağıstanlı Spor Salonu,,ORKUN YURTTAŞ,ANIL VEZİROĞLU,NİYAZİ YASİN KAHRAMAN,ERHAN ELBİR,TAYFUN KARAKUM,ÇAĞRI TEMUR,HÜSEYİN MERT ŞEKER,BİLGE SANCAR,Mustafa Dağıstanlı Spor Salonu
21.12.2019,14:00,1BA2245,10,HATAY BŞB.,73 - 96,BÜYÜKŞEHİR BELEDİYESİ ADANA BASKETBOL,,HATAY,Antakya Spor Salonu,Youtube / TBF TV,AYDIN KARAÇAM,SEYHAN TOPALOĞLU,ALİCAN ALICI,SERKAN SU,GAMZE İNAL,ŞEYMA ÖZ TUZLUOĞLU,RECEP CEVDET ÖZSOY,YÜSRA BAKIRCI,Antakya Spor Salonu
21.12.2019,16:00,1BA2242,10,BOTAŞ,79 - 73,BİREVİM ELAZIĞ İL ÖZEL İDARE,,ANKARA,Ankara Dsi Etlik Spor Salonu,,ERGİN SARI,EGEMEN ERCAN,HANDE ÖZTÜRK,ZAFER ÖZGÜN,SİBEL FAZLIOĞLU,SİNA KÜÇÜKDİLEK,TUNCER ULUŞEKER,SERDAR KARAGÜÇ,Ankara Dsi Etlik Spor Salonu
21.12.2019,18:00,1BA2243,10,İZMİT BELEDİYESPOR,76 - 80,GALATASARAY,,KOCAELİ,Kocaeli Atatürk Spor Salonu,TİVİBU Spor,İBRAHİM ALTINTAŞ,OGÜN CILIZ,ALPER ELÇİKOCA,ALPER ERİN,GAMZE KURT,ÖZGÜR YAMAN,YILDIZ BUĞDACI,ALEV KÖROĞLU,Kocaeli Atatürk Spor Salonu
22.12.2019,16:00,1BA2244,10,FENERBAHÇE ÖZNUR KABLO,89 - 55,BELLONA KAYSERİ BASKETBOL,,İSTANBUL,Fenerbahçe Metro Enerji Spor Salonu,TİVİBU Spor,UĞUR ÖZEN,AHMET MURAT ARIKANLI,MÜNEVVER ÖZEMRE,MELİH SABRİ KAZMAZ,SEHER KAZANÇ,SEDA İŞLER,FATMA GÖK,ECE DİKMENLİ,Fenerbahçe Metro Enerji Spor Salonu
24.12.2019,18:00,1BA2249,11,BEŞİKTAŞ TRC İNŞAAT,80 - 64,BOTAŞ,,İSTANBUL,Akatlar Spor ve Kültür Kompleksi,TİVİBU Spor,TEKİN ÖZÜBİR,SÜLEYMAN DAĞDER DAĞLI,İSMAİL BİNBİR,AHMET MÜNİR GÖKMEN,ŞERMİN NAZLIGÜL,YÜKSEL NAZLIGÜL,ALPKAN HACIYAKUPOĞLU,NEŞE KIRAN,Akatlar Spor ve Kültür Kompleksi
25.12.2019,14:00,1BA2246,11,ÇANKAYA ÜNİVERSİTESİ,59 - 75,FENERBAHÇE ÖZNUR KABLO,,ANKARA,Ankara Spor Salonu,Youtube / TBF TV,SERTAN KIRKLAR,AHMET TANER İBİN,MUHAMMET MUSTAFA AKILLIOĞLU,MUSTAFA KOCAEREN,FATMA ÇELİK,AKIN AYTEKİN,ONUR YEŞİLBAĞ,SERDAR KARAGÜÇ,Ankara Spor Salonu
25.12.2019,18:00,1BA2247,11,BÜYÜKŞEHİR BELEDİYESİ ADANA BASKETBOL,84 - 106,OGM ORMANSPOR,,ADANA,Atatürk Spor Salonu,,TURGUT IŞIK,ABDULLAH KOPUTAN,MUSTAFA CANDEMİR TABAK,YEŞİM ATUŞ KARAGÖZ,ERTUĞRUL BÜYÜKCE,HÜLYA ÖZKAN,CANSU DİKİLİTAŞ,GÜLŞAH GÜLER SEZEN,Atatürk Spor Salonu
25.12.2019,18:00,1BA2248,11,BİREVİM ELAZIĞ İL ÖZEL İDARE,79 - 85,ÇBK MERSİN YENİŞEHİR BELEDİYESİ,,ELAZIĞ,Elazığ İl Özel İdare S.S.,Youtube / TBF TV,TAHSİN KUZU,FATİH GÜLER,İZEL DENİZ PEHLİVAN ÇAKICI,NAİL DEĞİRMENCİ,AYŞE GÜNHAN,SEMANUR BOZKURT,ERDAL KALEM,FATMA SELCEN HATİPOĞLU,Elazığ İl Özel İdare S.S.
25.12.2019,18:00,1BA2250,11,BELLONA KAYSERİ BASKETBOL,82 - 76,İZMİT BELEDİYESPOR,,KAYSERİ,Kadir Has Kongre Merkezi Spor Salonu,,YÜCEL ÇİLİNGİR,ERHAN GÜRSEL,SEDA ESEN,EFKAN ASLAN,GÖZDE ÇULFACI,İDRİS KARATAŞ,EMRE KARAKAYA,SEVGİ ÖZÇELİK GÜNDÜZ,Kadir Has Kongre Merkezi Spor Salonu
25.12.2019,19:00,1BA2252,11,GALATASARAY,105 - 96,HATAY BŞB.,,İSTANBUL,Ahmet Cömert Spor Salonu,TİVİBU Spor,SAMİ ÖZEL,MEHMET ONUR SÖNMEZ,HALİL ERKOÇ,SAVAŞ BAYRAM ERTÜRK,YÜCEL FIRAT,ESİN MÜEZZİNOĞLU,SEMRA AKDUMAN,OSMAN AŞIK,Ahmet Cömert Spor Salonu
28.12.2019,14:00,1BA2254,12,ÇBK MERSİN YENİŞEHİR BELEDİYESİ,72 - 104,BEŞİKTAŞ TRC İNŞAAT,,MERSİN,Servet Tazegül Spor Salonu,Youtube / TBF TV,İBRAHİM ALTINTAŞ,OZAN GÖNEN,AHMET MURAT ARIKANLI,MUHAMMED DİYAÜDDİN SAĞIR,SÜREYYA KANALICI,LEVENT YORULMAZ,ŞÜKRÜ SITKI,FATMA ITIR ÖNCEL,Servet Tazegül Spor Salonu
28.12.2019,14:00,1BA2255,12,SAMSUN CANİK BELEDİYE,56 - 96,BİREVİM ELAZIĞ İL ÖZEL İDARE,,SAMSUN,Mustafa Dağıstanlı Spor Salonu,,SAMİ ÖZEL,OGÜN CILIZ,UMUT ÖZGÜN ERGÜN,ERHAN ELBİR,ZEYNEP TEKER KORKMAZ,MERVE SERDAR,MURAT ŞENDERE,ZEHRA DERİCİ,Mustafa Dağıstanlı Spor Salonu
28.12.2019,16:00,1BA2256,12,BOTAŞ,80 - 83,BÜYÜKŞEHİR BELEDİYESİ ADANA BASKETBOL,,ANKARA,Ankara Dsi Etlik Spor Salonu,,MURAT CİNER,KEREM YILMAZ,MUHAMMED MURAT ZAFER,DERYA ANTAŞ,MUSA SAFA SARI,SİNA KÜÇÜKDİLEK,BİLAL UZGÖREN,ONUR YEŞİLBAĞ,Ankara Dsi Etlik Spor Salonu
28.12.2019,17:00,1BA2258,12,İZMİT BELEDİYESPOR,81 - 69,ÇANKAYA ÜNİVERSİTESİ,,KOCAELİ,Kocaeli Atatürk Spor Salonu,,TUNÇTAN DURMUŞCAN,AHMET KEMAL DİGİLLİ,MÜNEVVER ÖZEMRE,UĞUR AYDEMİR,AYCAN PEKER,ÖZGÜR YAMAN,MUSTAFA SALMAN,MEHTAP DANIŞMAN,Kocaeli Atatürk Spor Salonu
28.12.2019,17:30,1BA2257,12,BELLONA KAYSERİ BASKETBOL,61 - 82,GALATASARAY,,KAYSERİ,Kadir Has Kongre Merkezi Spor Salonu,TİVİBU Spor,TURGUT IŞIK,SEYHAN TOPALOĞLU,SEDEF YARICI,ABDULLAH ÖZSUVEREN,BÜŞRA ALAN,FATİH SAVAŞKAN,CELAL AKSOY,MELİKE DENİZ BAYRAM,Kadir Has Kongre Merkezi Spor Salonu
29.12.2019,13:00,1BA2253,12,OGM ORMANSPOR,93 - 82,HATAY BŞB.,,ANKARA,M. Sait Zarifoğlu Spor Salonu,TİVİBU Spor,ORKUN YURTTAŞ,AHMET TANER İBİN,HANDE ÖZTÜRK,EBRU ÖZTAŞKIRAN,SİMAY ÇAKMAK,FUNDA KONCA,ARDA GÜRBÜZ,LEVENT UĞUR,M. Sait Zarifoğlu Spor Salonu
3.01.2020,18:00,1BA2261,13,BÜYÜKŞEHİR BELEDİYESİ ADANA BASKETBOL,92 - 87,ÇBK MERSİN YENİŞEHİR BELEDİYESİ,,ADANA,Atatürk Spor Salonu,,TEKİN ÖZÜBİR,SÜLEYMAN DAĞDER DAĞLI,ABDULLAH İLİK,BESTAMİ GÜL,CUMALİ TOSUN,HÜSEYİN ÖKMEN,SEVDA YAŞAR,MUSTAFA ERDİNÇ,Atatürk Spor Salonu
4.01.2020,13:00,1BA2263,13,GALATASARAY,71 - 72,OGM ORMANSPOR,,İSTANBUL,Ahmet Cömert Spor Salonu,Youtube / TBF TV,TUNÇTAN DURMUŞCAN,BENHÜR İRCEL,NİHAT ÇETİN,MELİH SABRİ KAZMAZ,BİROL ŞİMŞEK,ESİN MÜEZZİNOĞLU,EMRAH RİFAİ,CEYDA KAPKAÇ,Ahmet Cömert Spor Salonu
4.01.2020,13:30,1BA2260,13,ÇANKAYA ÜNİVERSİTESİ,77 - 52,BELLONA KAYSERİ BASKETBOL,,ANKARA,Ankara Spor Salonu,Youtube / TBF TV,AYDIN KARAÇAM,CEMİL UYGÜL,ANIL VEZİROĞLU,MEHMET KAŞİF BATTAL,MUSA SAFA SARI,FATİH ŞEN,ONUR YEŞİLBAĞ,SİNA KÜÇÜKDİLEK,Ankara Spor Salonu
4.01.2020,14:00,1BA2262,13,BİREVİM ELAZIĞ İL ÖZEL İDARE,87 - 84,FENERBAHÇE ÖZNUR KABLO,,ELAZIĞ,Elazığ İl Özel İdare S.S.,TİVİBU Spor,UĞUR ÖZEN,OZAN GÖNEN,İSMAİL BİNBİR,NAİL DEĞİRMENCİ,AYŞE GÜNHAN,SEMANUR BOZKURT,DİDEM YAVUZ SÖYLER,FATMA SELCEN HATİPOĞLU,Elazığ İl Özel İdare S.S.
5.01.2020,13:00,1BA2265,13,BEŞİKTAŞ TRC İNŞAAT,82 - 77,SAMSUN CANİK BELEDİYE,,İSTANBUL,Akatlar Spor ve Kültür Kompleksi,TİVİBU Spor,EGEMEN ERCAN,YİĞİT GÖNÜLTAŞ,MUSTAFA CANDEMİR TABAK,AHMET MÜNİR GÖKMEN,AYŞE SERVER SEZER,ALPKAN HACIYAKUPOĞLU,SELCAN TUĞÇE ALKAYA,KEREM SIRMAGİL,Akatlar Spor ve Kültür Kompleksi
5.01.2020,16:30,1BA2266,13,HATAY BŞB.,78 - 68,BOTAŞ,,HATAY,Antakya Spor Salonu,Youtube / TBF TV,ERHAN GÜRSEL,GÖKSUN ÖZ,SEDA ESEN,ALİ ATICI,YUSUF GÜMÜŞ,ŞEYMA ÖZ TUZLUOĞLU,SONGÜL ÖZSOY,YÜSRA BAKIRCI,Antakya Spor Salonu
11.01.2020,13:00,1BA2267,14,ÇANKAYA ÜNİVERSİTESİ,76 - 57,GALATASARAY,,ANKARA,Ankara Spor Salonu,TİVİBU Spor,MURAT CİNER,YİĞİT EMRE ŞİMŞEK,MESUT ÖZTÜRK,ZELİHA BAYRAKTAR,NİHAN ÜNSAL,SİNA KÜÇÜKDİLEK,HAKAN ÜNAL,AKIN AYTEKİN,Ankara Spor Salonu
11.01.2020,14:00,1BA2268,14,OGM ORMANSPOR,86 - 67,BOTAŞ,,ANKARA,M. Sait Zarifoğlu Spor Salonu,,YÜCEL ÇİLİNGİR,ABDULLAH KOPUTAN,MÜNEVVER ÖZEMRE,BURAK DEDE,FATMA ÇELİK,SİBEL FAZLIOĞLU,PELİN KUZU,TUNCER ULUŞEKER,M. Sait Zarifoğlu Spor Salonu
11.01.2020,14:00,1BA2269,14,BİREVİM ELAZIĞ İL ÖZEL İDARE,69 - 87,İZMİT BELEDİYESPOR,,ELAZIĞ,Elazığ İl Özel İdare S.S.,Youtube / TBF TV,AYDIN KARAÇAM,GÖKSUN ÖZ,BATUHAN KÜMÜKOĞLU,METİN GÜRBÜZ,AYŞE GÜNHAN,SEMANUR BOZKURT,FATMA SELCEN HATİPOĞLU,ERDAL KALEM,Elazığ İl Özel İdare S.S.
11.01.2020,16:00,1BA2272,14,BÜYÜKŞEHİR BELEDİYESİ ADANA BASKETBOL,88 - 62,SAMSUN CANİK BELEDİYE,,ADANA,Atatürk Spor Salonu,,SERTAN KIRKLAR,CEMİL UYGÜL,SEDEF YARICI,SERKAN SU,ERTUĞRUL BÜYÜKCE,CUMALİ TOSUN,MUSTAFA ERDİNÇ,CANSU DİKİLİTAŞ,Atatürk Spor Salonu
12.01.2020,15:15,1BA2271,14,BEŞİKTAŞ TRC İNŞAAT,58 - 75,FENERBAHÇE ÖZNUR KABLO,,İSTANBUL,Akatlar Spor ve Kültür Kompleksi,TİVİBU Spor,TURGUT IŞIK,TOLGA EDİS,HANDE ÖZTÜRK,SAVAŞ BAYRAM ERTÜRK,TUTKU MELİS AYGÜN,ESER FIRIL,ECE DİKMENLİ,EBRU ULUDOĞAN,Akatlar Spor ve Kültür Kompleksi
12.01.2020,17:00,1BA2273,14,HATAY BŞB.,54 - 63,ÇBK MERSİN YENİŞEHİR BELEDİYESİ,,HATAY,Antakya Spor Salonu,Youtube / TBF TV,ÖNDER YILMAZ,KEREM YILMAZ,OGÜN CILIZ,YUSUF BÜYÜKFİDAN,GAMZE İNAL,ŞEYMA ÖZ TUZLUOĞLU,KADİR HANİFİ YILMAZ,YÜSRA BAKIRCI,Antakya Spor Salonu
18.01.2020,14:00,1BA2276,15,ÇBK MERSİN YENİŞEHİR BELEDİYESİ,86 - 67,OGM ORMANSPOR,,MERSİN,Servet Tazegül Spor Salonu,Youtube / TBF TV,AYDIN KARAÇAM,SERTAN KIRKLAR,ERHAN GÜRSEL,MUHAMMED DİYAÜDDİN SAĞIR,MELDA KÖKLÜER,MEHMET ALİ ÖNCÜ,FATMA ITIR ÖNCEL,LEVENT YORULMAZ,Servet Tazegül Spor Salonu
18.01.2020,14:00,1BA2277,15,SAMSUN CANİK BELEDİYE,69 - 97,HATAY BŞB.,,SAMSUN,Mustafa Dağıstanlı Spor Salonu,,UĞUR ÖZEN,MURAT CİNER,NAZLI ÇİSİL GÜNGÖR,SEMİH KAYA,YEŞİM YILDIZ COŞKUN,MERVE SERDAR,TAYFUN KARAKUM,ÇAĞRI TEMUR,Mustafa Dağıstanlı Spor Salonu
18.01.2020,16:00,1BA2278,15,BELLONA KAYSERİ BASKETBOL,90 - 76,BİREVİM ELAZIĞ İL ÖZEL İDARE,,KAYSERİ,Kadir Has Kongre Merkezi Spor Salonu,,YÜCEL ÇİLİNGİR,İBRAHİM ALTINTAŞ,TOLGA EDİS,ABDULLAH ÖZSUVEREN,ZEHRA SERTKAYA,ÇİĞDEM  ÖZKAN,YÜCEL KARAFİL,HATİCE NUR ÇİFTCİ,Kadir Has Kongre Merkezi Spor Salonu
18.01.2020,17:30,1BA2279,15,İZMİT BELEDİYESPOR,81 - 85,BEŞİKTAŞ TRC İNŞAAT,,KOCAELİ,Kocaeli Atatürk Spor Salonu,TİVİBU Spor,TUNÇTAN DURMUŞCAN,ÖNDER YILMAZ,OZAN GÖNEN,MUSTAFA KOCAEREN,EBRU ÖZMEN,ALEV KÖROĞLU,OSMAN TUNAHAN TUNCER,MUSTAFA SALMAN,Kocaeli Atatürk Spor Salonu
19.01.2020,15:30,1BA2280,15,FENERBAHÇE ÖZNUR KABLO,90 - 83,BÜYÜKŞEHİR BELEDİYESİ ADANA BASKETBOL,,İSTANBUL,Fenerbahçe Metro Enerji Spor Salonu,"Youtube / TBF TV,FB TV",SAMİ ÖZEL,ORKUN YURTTAŞ,EGEMEN ERCAN,NAZLI AYYILDIZ TURAN,KADER HAN TANRIVERDİ O,ESER FIRIL,SEDA İŞLER,SEÇİL SILA KORALP,Fenerbahçe Metro Enerji Spor Salonu
20.01.2020,18:00,1BA2275,15,GALATASARAY,81 - 70,BOTAŞ,,İSTANBUL,Ahmet Cömert Spor Salonu,TİVİBU Spor,TURGUT IŞIK,TEKİN ÖZÜBİR,SÜLEYMAN DAĞDER DAĞLI,MELİH SABRİ KAZMAZ,BİROL ŞİMŞEK,ZAFER RİFAİ,TUĞÇE KAYA,LAL DENİZ ÇELİKER,Ahmet Cömert Spor Salonu
25.01.2020,14:00,1BA2281,16,OGM ORMANSPOR,115 - 66,SAMSUN CANİK BELEDİYE,,ANKARA,M. Sait Zarifoğlu Spor Salonu,,TOLGA EDİS,AYHAN BAYKARA,SEDA ESEN,DERYA ANTAŞ,ULVİYE DEMİRÖRS,SİNA KÜÇÜKDİLEK,GÖKTÜRK FULSER,FATİH DEMİRCİ,M. Sait Zarifoğlu Spor Salonu
25.01.2020,14:00,1BA2285,16,BÜYÜKŞEHİR BELEDİYESİ ADANA BASKETBOL,96 - 79,İZMİT BELEDİYESPOR,,ADANA,Atatürk Spor Salonu,,İBRAHİM ALTINTAŞ,ABDULLAH KOPUTAN,MÜNEVVER ÖZEMRE,SERKAN SU,MEHTAP TOSUN,DENİZ ORGÜN,HÜLYA ÖZKAN,ERTUĞRUL BÜYÜKCE,Atatürk Spor Salonu
25.01.2020,16:00,1BA2286,16,BOTAŞ,65 - 73,ÇBK MERSİN YENİŞEHİR BELEDİYESİ,,ANKARA,Ankara Dsi Etlik Spor Salonu,,MURAT CİNER,ORKUN YURTTAŞ,NAZLI ÇİSİL GÜNGÖR,HALDUN KUNT,SEÇİL SILA KORALP,AKIN AYTEKİN,FATMA ÇELİK,FUNDA KONCA,Ankara Dsi Etlik Spor Salonu
26.01.2020,15:15,1BA2284,16,BEŞİKTAŞ TRC İNŞAAT,84 - 62,BELLONA KAYSERİ BASKETBOL,,İSTANBUL,Akatlar Spor ve Kültür Kompleksi,TİVİBU Spor,UĞUR ÖZEN,SÜLEYMAN DAĞDER DAĞLI,ALPER ELÇİKOCA,TUĞBA YURTSEVEN,SELCAN TUĞÇE ALKAYA,ZAFER RİFAİ,YÜKSEL NAZLIGÜL,SEDA İŞLER,Akatlar Spor ve Kültür Kompleksi
12.02.2020,18:00,1BA2287,16,HATAY BŞB.,60 - 101,FENERBAHÇE ÖZNUR KABLO,,HATAY,Antakya Spor Salonu,"Youtube / TBF TV,FB TV",TEKİN ÖZÜBİR,HALİL ERKOÇ,BATUHAN SÖYLEMEZOĞLU,ALİ ATICI,GAMZE İNAL,ŞEYMA ÖZ TUZLUOĞLU,YÜSRA BAKIRCI,RECEP CEVDET ÖZSOY,Antakya Spor Salonu
11.03.2020,18:00,1BA2282,16,BİREVİM ELAZIĞ İL ÖZEL İDARE,54 - 67,ÇANKAYA ÜNİVERSİTESİ,,ANKARA,Ankara Spor Salonu,TİVİBU Spor,TURGUT IŞIK,EGEMEN ERCAN,SEDEF YARICI,UĞUR AYDEMİR,SAHRA ÇOKER,SİNA KÜÇÜKDİLEK,ARDA GÜRBÜZ,FATİH DEMİRCİ,Ankara Spor Salonu
31.01.2020,16:00,1BA2293,17,BELLONA KAYSERİ BASKETBOL,93 - 97,BÜYÜKŞEHİR BELEDİYESİ ADANA BASKETBOL,,KAYSERİ,Kadir Has Kongre Merkezi Spor Salonu,,TURGUT IŞIK,SERTAN KIRKLAR,HANDE ÖZTÜRK,BAHA KAÇIN,SEVGİ ÖZÇELİK GÜNDÜZ,İDRİS KARATAŞ,EMRE KARAKAYA,BERNA PİŞGİNEL,Kadir Has Kongre Merkezi Spor Salonu
31.01.2020,18:00,1BA2289,17,GALATASARAY,90 - 79,ÇBK MERSİN YENİŞEHİR BELEDİYESİ,,İSTANBUL,Ahmet Cömert Spor Salonu,TİVİBU Spor,UĞUR ÖZEN,ÖNDER YILMAZ,UMUT ÖZGÜN ERGÜN,BURCU KOCAOĞLU SANCAR,TUTKU MELİS AYGÜN,ESİN MÜEZZİNOĞLU,MERVE SAĞLAM,HİLMİ CANKUT AYNAR,Ahmet Cömert Spor Salonu
31.01.2020,18:00,1BA2291,17,SAMSUN CANİK BELEDİYE,50 - 94,BOTAŞ,,SAMSUN,Mustafa Dağıstanlı Spor Salonu,,EGEMEN ERCAN,GÖKSUN ÖZ,UYGAR KURT,MEHMET SERDAR ÇÖZELİ,KÜBRA YILDIZ,AHMET BARIŞ YAZICI,SEFER ZİNNUR YİRMİBEŞOĞLU,BÜŞRA YILMAZ,Mustafa Dağıstanlı Spor Salonu
31.01.2020,20:00,1BA2292,17,FENERBAHÇE ÖZNUR KABLO,85 - 70,OGM ORMANSPOR,,İSTANBUL,Fenerbahçe Metro Enerji Spor Salonu,TİVİBU Spor,İBRAHİM ALTINTAŞ,OZAN GÖNEN,BENHÜR İRCEL,AHMET MÜNİR GÖKMEN,ALTAN CANDAN,SEDA İŞLER,MUSTAFA GÖKMEN DEMİRAY,ESER FIRIL,Fenerbahçe Metro Enerji Spor Salonu
1.02.2020,13:00,1BA2294,17,İZMİT BELEDİYESPOR,79 - 66,HATAY BŞB.,,KOCAELİ,Kocaeli Atatürk Spor Salonu,Youtube / TBF TV,SÜLEYMAN DAĞDER DAĞLI,KEREM YILMAZ,MUHAMMED MURAT ZAFER,EBRU ÖZTAŞKIRAN,AYCAN PEKER,GAMZE KURT,EBRU ÖZMEN,MELTEM KISA,Kocaeli Atatürk Spor Salonu
1.02.2020,14:00,1BA2288,17,ÇANKAYA ÜNİVERSİTESİ,84 - 71,BEŞİKTAŞ TRC İNŞAAT,,ANKARA,Ankara Spor Salonu,Youtube / TBF TV,TEKİN ÖZÜBİR,AHMET TANER İBİN,MUHAMMET MUSTAFA AKILLIOĞLU,FİLİZ ÖGET,PELİN KUZU,SİBEL FAZLIOĞLU,SERDAR KARAGÜÇ,FUNDA KONCA,Ankara Spor Salonu
15.02.2020,14:00,1BA2295,18,OGM ORMANSPOR,88 - 66,İZMİT BELEDİYESPOR,,ANKARA,M. Sait Zarifoğlu Spor Salonu,,ERHAN GÜRSEL,GÖKSUN ÖZ,SEDEF YARICI,ÖMER KAYMAZ,FATMA ÇELİK,SİNA KÜÇÜKDİLEK,ARDA GÜRBÜZ,SİMAY ÇAKMAK,M. Sait Zarifoğlu Spor Salonu
15.02.2020,14:00,1BA2297,18,ÇBK MERSİN YENİŞEHİR BELEDİYESİ,88 - 54,SAMSUN CANİK BELEDİYE,,MERSİN,Servet Tazegül Spor Salonu,,SERTAN KIRKLAR,ANIL VEZİROĞLU,HANDE ÖZTÜRK,BESTAMİ GÜL,SÜREYYA KANALICI,VİLDAN KÖROĞLU EZER,ŞÜKRÜ SITKI,MELDA KÖKLÜER,Servet Tazegül Spor Salonu
15.02.2020,15:15,1BA2298,18,BOTAŞ,44 - 62,FENERBAHÇE ÖZNUR KABLO,,ANKARA,Ankara Dsi Etlik Spor Salonu,TİVİBU Spor,FATİH GÜLER,AHMET TANER İBİN,MÜNEVVER ÖZEMRE,DERYA ANTAŞ,SAHRA ÇOKER,İBRAHİM BULUT,TUNCER ULUŞEKER,RESUL GEÇER,Ankara Dsi Etlik Spor Salonu
15.02.2020,16:00,1BA2300,18,BÜYÜKŞEHİR BELEDİYESİ ADANA BASKETBOL,79 - 101,ÇANKAYA ÜNİVERSİTESİ,,ADANA,Atatürk Spor Salonu,,MURAT CİNER,SÜLEYMAN DAĞDER DAĞLI,İSMAİL BİNBİR,TURGAY KÖROĞLU,MEHTAP TOSUN,ERTUĞRUL BÜYÜKCE,CANSU DİKİLİTAŞ,BURAK SEZEN,Atatürk Spor Salonu
16.02.2020,16:30,1BA2301,18,HATAY BŞB.,73 - 83,BELLONA KAYSERİ BASKETBOL,,HATAY,Antakya Spor Salonu,Youtube / TBF TV,ÖNDER YILMAZ,TOLGA EDİS,NAZLI ÇİSİL GÜNGÖR,YUSUF BÜYÜKFİDAN,YUSUF GÜMÜŞ,YÜSRA BAKIRCI,SEMRA UĞRAŞAN,KADİR HANİFİ YILMAZ,Antakya Spor Salonu
19.02.2020,14:00,1BA2296,18,BİREVİM ELAZIĞ İL ÖZEL İDARE,80 - 99,GALATASARAY,,ANKARA,Ankara Spor Salonu,TİVİBU Spor,İBRAHİM ALTINTAŞ,SEYHAN TOPALOĞLU,YİĞİT GÖNÜLTAŞ,MUSTAFA KOCAEREN,FATMA ÇELİK,SİNA KÜÇÜKDİLEK,ONUR YEŞİLBAĞ,TUNCER ULUŞEKER,Ankara Spor Salonu
22.02.2020,13:00,1BA2302,19,ÇANKAYA ÜNİVERSİTESİ,71 - 73,HATAY BŞB.,,ANKARA,M. Sait Zarifoğlu Spor Salonu,TİVİBU Spor,AYDIN KARAÇAM,ERHAN GÜRSEL,MUZAFFER VARDARLI,LÜTFİYE TAŞPINAR,NİHAN ÜNSAL,VEYSEL SİNAN TUNCER,SİNA KÜÇÜKDİLEK,SERKAY GÜNEY,M. Sait Zarifoğlu Spor Salonu
22.02.2020,14:00,1BA2304,19,GALATASARAY,95 - 56,SAMSUN CANİK BELEDİYE,,İSTANBUL,Ahmet Cömert Spor Salonu,,FATİH GÜLER,MUHAMMET MUSTAFA AKILLIOĞLU,EYYÜP AYHAN,EMİN FAZIL KESERATAR,BERK MERT,SEMRA AKDUMAN,CEYDA KAPKAÇ,YUSUF YELESDAĞ,Ahmet Cömert Spor Salonu
22.02.2020,16:00,1BA2306,19,BELLONA KAYSERİ BASKETBOL,91 - 69,OGM ORMANSPOR,,KAYSERİ,Kadir Has Kongre Merkezi Spor Salonu,,TEKİN ÖZÜBİR,KEREM YILMAZ,NİYAZİ YASİN KAHRAMAN,NAİL DEĞİRMENCİ,MELİKE DENİZ BAYRAM,CELAL AKSOY,FATİH SAVAŞKAN,GÖZDE ÇULFACI,Kadir Has Kongre Merkezi Spor Salonu
22.02.2020,17:00,1BA2307,19,İZMİT BELEDİYESPOR,69 - 61,BOTAŞ,,KOCAELİ,Kocaeli Atatürk Spor Salonu,Youtube / TBF TV,YÜCEL ÇİLİNGİR,ABDULLAH KOPUTAN,SEDA ESEN,HURŞİT CEM AKAN,MELTEM KISA,EBRU ÖZMEN,ALEV KÖROĞLU,SUDENUR DUMAN,Kocaeli Atatürk Spor Salonu
23.02.2020,15:15,1BA2308,19,FENERBAHÇE ÖZNUR KABLO,76 - 63,ÇBK MERSİN YENİŞEHİR BELEDİYESİ,,İSTANBUL,Fenerbahçe Metro Enerji Spor Salonu,TİVİBU Spor,SÜLEYMAN DAĞDER DAĞLI,ABDULLAH İLİK,ALPER ELÇİKOCA,TUĞBA YURTSEVEN,BEGÜM SAVAŞ,PERİHAN GİZEM ÜNSAL,ECE DİKMENLİ,DEMET ULUCUTSOY,Fenerbahçe Metro Enerji Spor Salonu
25.02.2020,14:00,1BA2303,19,BİREVİM ELAZIĞ İL ÖZEL İDARE,72 - 67,BEŞİKTAŞ TRC İNŞAAT,,ANKARA,Ankara Spor Salonu,,TUNÇTAN DURMUŞCAN,ORKUN YURTTAŞ,BATUHAN SÖYLEMEZOĞLU,MEHMET KAŞİF BATTAL,FATMA ÇELİK,ONUR YEŞİLBAĞ,ARDA GÜRBÜZ,İBRAHİM BULUT,Ankara Spor Salonu
28.02.2020,16:00,1BA2311,20,SAMSUN CANİK BELEDİYE,51 - 103,FENERBAHÇE ÖZNUR KABLO,,SAMSUN,Mustafa Dağıstanlı Spor Salonu,,İZEL DENİZ PEHLİVAN ÇAKICI,SEDEF YARICI,MÜNEVVER ÖZEMRE,ERHAN ELBİR,BÜŞRA YILMAZ,KÜBRA YILDIZ,SAMET TOKGÖZ,BUSENUR ERZURUMLU,Mustafa Dağıstanlı Spor Salonu
29.02.2020,14:00,1BA2309,20,OGM ORMANSPOR,63 - 83,ÇANKAYA ÜNİVERSİTESİ,,ANKARA,M. Sait Zarifoğlu Spor Salonu,TİVİBU Spor,SERTAN KIRKLAR,AHMET TANER İBİN,MUSTAFA CANDEMİR TABAK,MUSTAFA KOCAEREN,ARDA GÜRBÜZ,SİNA KÜÇÜKDİLEK,ONUR YEŞİLBAĞ,SİBEL FAZLIOĞLU,M. Sait Zarifoğlu Spor Salonu
29.02.2020,15:00,1BA2314,20,BÜYÜKŞEHİR BELEDİYESİ ADANA BASKETBOL,82 - 68,BİREVİM ELAZIĞ İL ÖZEL İDARE,,ADANA,Atatürk Spor Salonu,,YÜCEL ÇİLİNGİR,FATİH GÜLER,UMUT ÖZGÜN ERGÜN,MUHAMMED DİYAÜDDİN SAĞIR,CUMALİ TOSUN,MUSTAFA ERDİNÇ,GÜLŞAH GÜLER SEZEN,MEHMET MURAT KÖMÜRHANLI,Atatürk Spor Salonu
29.02.2020,16:00,1BA2312,20,BOTAŞ,67 - 61,BELLONA KAYSERİ BASKETBOL,,ANKARA,Ankara Dsi Etlik Spor Salonu,,AYDIN KARAÇAM,GÖKSUN ÖZ,HANDE ÖZTÜRK,EBRU ÖZTAŞKIRAN,ANIL GEÇER,FATİH ŞEN,BİLAL UZGÖREN,İSMAİL FULSER,Ankara Dsi Etlik Spor Salonu
29.02.2020,16:30,1BA2313,20,BEŞİKTAŞ TRC İNŞAAT,67 - 92,GALATASARAY,,İSTANBUL,Akatlar Spor ve Kültür Kompleksi,TİVİBU Spor,TEKİN ÖZÜBİR,KEREM YILMAZ,NİHAT ÇETİN,HURŞİT CEM AKAN,SELCAN TUĞÇE ALKAYA,ALPER LAÇİNKAYA,YÜKSEL NAZLIGÜL,ALPKAN HACIYAKUPOĞLU,Akatlar Spor ve Kültür Kompleksi
1.03.2020,16:00,1BA2310,20,ÇBK MERSİN YENİŞEHİR BELEDİYESİ,63 - 67,İZMİT BELEDİYESPOR,,MERSİN,Servet Tazegül Spor Salonu,Youtube / TBF TV,UĞUR ÖZEN,ORKUN YURTTAŞ,YİĞİT GÖNÜLTAŞ,YEŞİM ATUŞ KARAGÖZ,MELDA KÖKLÜER,LEVENT YORULMAZ,ŞÜKRÜ SITKI,SABAHİTTİN KAZAN,Servet Tazegül Spor Salonu
14.03.2020,13:00,1BA2318,21,GALATASARAY,80 - 77,FENERBAHÇE ÖZNUR KABLO,,İSTANBUL,Ahmet Cömert Spor Salonu,TİVİBU Spor,ORKUN YURTTAŞ,GÖKSUN ÖZ,UMUT ÖZGÜN ERGÜN,MELİH SABRİ KAZMAZ,AYŞE SERVER SEZER,ŞAZİYE SİMSAR YAKIN,SEMRA AKDUMAN,ESİN MÜEZZİNOĞLU,Ahmet Cömert Spor Salonu
14.03.2020,14:00,1BA2317,21,BİREVİM ELAZIĞ İL ÖZEL İDARE,69 - 76,HATAY BŞB.,,ANKARA,Ankara Spor Salonu,,İBRAHİM ALTINTAŞ,OZAN GÖNEN,AHMET KEMAL DİGİLLİ,DERYA ANTAŞ,SAHRA ÇOKER,FATİH ŞEN,NİHAN ÜNSAL,FUNDA KONCA,Ankara Spor Salonu
14.03.2020,15:15,1BA2322,21,BEŞİKTAŞ TRC İNŞAAT,97 - 93,BÜYÜKŞEHİR BELEDİYESİ ADANA BASKETBOL,,İSTANBUL,Akatlar Spor ve Kültür Kompleksi,TİVİBU Spor,UĞUR ÖZEN,CEMİL UYGÜL,MESUT ÖZTÜRK,SAVAŞ BAYRAM ERTÜRK,ELİF ERGÜÇ,EBRU ULUDOĞAN,ŞERMİN NAZLIGÜL,LAL DENİZ ÇELİKER,Akatlar Spor ve Kültür Kompleksi
14.03.2020,16:00,1BA2320,21,BELLONA KAYSERİ BASKETBOL,70 - 94,ÇBK MERSİN YENİŞEHİR BELEDİYESİ,,KAYSERİ,Kadir Has Kongre Merkezi Spor Salonu,,MURAT CİNER,TOLGA EDİS,HALİL ERKOÇ,ALİ ATICI,BÜŞRA ALAN,ÇİĞDEM  ÖZKAN,İSMAİL DULDA,YÜCEL KARAFİL,Kadir Has Kongre Merkezi Spor Salonu
14.03.2020,16:30,1BA2316,21,ÇANKAYA ÜNİVERSİTESİ,86 - 60,BOTAŞ,,ANKARA,Ankara Spor Salonu,Youtube / TBF TV,ÖNDER YILMAZ,SERDAR SARAÇ,ALPER ELÇİKOCA,MUSTAFA KOCAEREN,GÖZDE ÖZBEK,SİNA KÜÇÜKDİLEK,EREN UYGUN,TUNCER ULUŞEKER,Ankara Spor Salonu
14.03.2020,17:00,1BA2321,21,İZMİT BELEDİYESPOR,83 - 54,SAMSUN CANİK BELEDİYE,,KOCAELİ,Kocaeli Atatürk Spor Salonu,,KEREM YILMAZ,MUZAFFER VARDARLI,SEDA ESEN,RAHŞAN ŞEBNEM TÜMER,AYCAN PEKER,OSMAN TUNAHAN TUNCER,SUDENUR DUMAN,ALEV KÖROĞLU,Kocaeli Atatürk Spor Salonu
İptal Edildi,-,1BA2324,22,ÇBK MERSİN YENİŞEHİR BELEDİYESİ,-,ÇANKAYA ÜNİVERSİTESİ,,MERSİN,Servet Tazegül Spor Salonu,Youtube / TBF TV,TEKİN ÖZÜBİR,ABDULLAH KOPUTAN,GÖKSUN ÖZ,YEŞİM ATUŞ KARAGÖZ,,,,,Servet Tazegül Spor Salonu
İptal Edildi,-,1BA2325,22,SAMSUN CANİK BELEDİYE,-,BELLONA KAYSERİ BASKETBOL,,SAMSUN,Mustafa Dağıstanlı Spor Salonu,,ERHAN GÜRSEL,MUHAMMED MURAT ZAFER,MESUT ÖZTÜRK,ERHAN ELBİR,,,,,Mustafa Dağıstanlı Spor Salonu
İptal Edildi,-,1BA2327,22,BÜYÜKŞEHİR BELEDİYESİ ADANA BASKETBOL,-,GALATASARAY,,ADANA,Atatürk Spor Salonu,,TURGUT IŞIK,SEYHAN TOPALOĞLU,MÜNEVVER ÖZEMRE,MUHAMMED DİYAÜDDİN SAĞIR,,,,,Atatürk Spor Salonu
İptal Edildi,-,1BA2328,22,FENERBAHÇE ÖZNUR KABLO,-,İZMİT BELEDİYESPOR,,İSTANBUL,Fenerbahçe Metro Enerji Spor Salonu,TİVİBU Spor,İBRAHİM ALTINTAŞ,MEHMET ONUR SÖNMEZ,SEDEF YARICI,YAŞAR SİNAN ÇELİKOĞLU,,,,,Fenerbahçe Metro Enerji Spor Salonu
İptal Edildi,-,1BA2329,22,HATAY BŞB.,-,BEŞİKTAŞ TRC İNŞAAT,,HATAY,Antakya Spor Salonu,Youtube / TBF TV,SÜLEYMAN DAĞDER DAĞLI,AHMET TANER İBİN,HALİL ERKOÇ,NAMIK KEMAL ERGÜVEN,,,,,Antakya Spor Salonu
İptal Edildi,-,1BA2323,22,OGM ORMANSPOR,-,BİREVİM ELAZIĞ İL ÖZEL İDARE,,ANKARA,M. Sait Zarifoğlu Spor Salonu,TİVİBU Spor,TUNÇTAN DURMUŞCAN,KEREM YILMAZ,İZEL DENİZ PEHLİVAN ÇAKICI,ÖNDER ŞENEL,,,,,M. Sait Zarifoğlu Spor Salonu
İptal Edildi,-,1BA2332,23,GALATASARAY,-,İZMİT BELEDİYESPOR,,İSTANBUL,Ahmet Cömert Spor Salonu,TİVİBU Spor,,,,,,,,,Ahmet Cömert Spor Salonu
İptal Edildi,-,1BA2330,23,ÇANKAYA ÜNİVERSİTESİ,-,SAMSUN CANİK BELEDİYE,,ANKARA,M. Sait Zarifoğlu Spor Salonu,,,,,,,,,,M. Sait Zarifoğlu Spor Salonu
İptal Edildi,-,1BA2331,23,BİREVİM ELAZIĞ İL ÖZEL İDARE,-,BOTAŞ,,ANKARA,M. Sait Zarifoğlu Spor Salonu,,,,,,,,,,M. Sait Zarifoğlu Spor Salonu
İptal Edildi,-,1BA2334,23,BELLONA KAYSERİ BASKETBOL,-,FENERBAHÇE ÖZNUR KABLO,,KAYSERİ,Kadir Has Kongre Merkezi Spor Salonu,,,,,,,,,,Kadir Has Kongre Merkezi Spor Salonu
İptal Edildi,-,1BA2336,23,BÜYÜKŞEHİR BELEDİYESİ ADANA BASKETBOL,-,HATAY BŞB.,,ADANA,Atatürk Spor Salonu,,,,,,,,,,Atatürk Spor Salonu
İptal Edildi,-,1BA2335,23,BEŞİKTAŞ TRC İNŞAAT,-,OGM ORMANSPOR,,İSTANBUL,Akatlar Spor ve Kültür Kompleksi,TİVİBU Spor,,,,,,,,,Akatlar Spor ve Kültür Kompleksi
İptal Edildi,-,1BA2337,24,OGM ORMANSPOR,-,BÜYÜKŞEHİR BELEDİYESİ ADANA BASKETBOL,,ANKARA,M. Sait Zarifoğlu Spor Salonu,,,,,,,,,,M. Sait Zarifoğlu Spor Salonu
İptal Edildi,-,1BA2338,24,HATAY BŞB.,-,GALATASARAY,,HATAY,Antakya Spor Salonu,,,,,,,,,,Antakya Spor Salonu
İptal Edildi,-,1BA2339,24,İZMİT BELEDİYESPOR,-,BELLONA KAYSERİ BASKETBOL,,KOCAELİ,Kocaeli Atatürk Spor Salonu,,,,,,,,,,Kocaeli Atatürk Spor Salonu
İptal Edildi,-,1BA2340,24,ÇBK MERSİN YENİŞEHİR BELEDİYESİ,-,BİREVİM ELAZIĞ İL ÖZEL İDARE,,MERSİN,Servet Tazegül Spor Salonu,,,,,,,,,,Servet Tazegül Spor Salonu
İptal Edildi,-,1BA2342,24,BOTAŞ,-,BEŞİKTAŞ TRC İNŞAAT,,ANKARA,Ankara Dsi Etlik Spor Salonu,,,,,,,,,,Ankara Dsi Etlik Spor Salonu
İptal Edildi,-,1BA2343,24,FENERBAHÇE ÖZNUR KABLO,-,ÇANKAYA ÜNİVERSİTESİ,,İSTANBUL,Fenerbahçe Metro Enerji Spor Salonu,,,,,,,,,,Fenerbahçe Metro Enerji Spor Salonu
İptal Edildi,-,1BA2346,25,GALATASARAY,-,BELLONA KAYSERİ BASKETBOL,,İSTANBUL,Ahmet Cömert Spor Salonu,,,,,,,,,,Ahmet Cömert Spor Salonu
İptal Edildi,-,1BA2349,25,BÜYÜKŞEHİR BELEDİYESİ ADANA BASKETBOL,-,BOTAŞ,,ADANA,Atatürk Spor Salonu,,,,,,,,,,Atatürk Spor Salonu
İptal Edildi,-,1BA2348,25,BEŞİKTAŞ TRC İNŞAAT,-,ÇBK MERSİN YENİŞEHİR BELEDİYESİ,,İSTANBUL,Akatlar Spor ve Kültür Kompleksi,,,,,,,,,,Akatlar Spor ve Kültür Kompleksi
İptal Edildi,-,1BA2344,25,ÇANKAYA ÜNİVERSİTESİ,-,İZMİT BELEDİYESPOR,,ANKARA,Ankara Spor Salonu,,,,,,,,,,Ankara Spor Salonu
İptal Edildi,-,1BA2345,25,BİREVİM ELAZIĞ İL ÖZEL İDARE,-,SAMSUN CANİK BELEDİYE,,ANKARA,Ankara Spor Salonu,,,,,,,,,,Ankara Spor Salonu
İptal Edildi,-,1BA2350,25,HATAY BŞB.,-,OGM ORMANSPOR,,HATAY,Antakya Spor Salonu,,,,,,,,,,Antakya Spor Salonu
İptal Edildi,-,1BA2351,26,OGM ORMANSPOR,-,GALATASARAY,,ANKARA,M. Sait Zarifoğlu Spor Salonu,,,,,,,,,,M. Sait Zarifoğlu Spor Salonu
İptal Edildi,-,1BA2352,26,ÇBK MERSİN YENİŞEHİR BELEDİYESİ,-,BÜYÜKŞEHİR BELEDİYESİ ADANA BASKETBOL,,MERSİN,Servet Tazegül Spor Salonu,,,,,,,,,,Servet Tazegül Spor Salonu
İptal Edildi,-,1BA2353,26,SAMSUN CANİK BELEDİYE,-,BEŞİKTAŞ TRC İNŞAAT,,SAMSUN,Mustafa Dağıstanlı Spor Salonu,,,,,,,,,,Mustafa Dağıstanlı Spor Salonu
İptal Edildi,-,1BA2354,26,BOTAŞ,-,HATAY BŞB.,,ANKARA,Ankara Dsi Etlik Spor Salonu,,,,,,,,,,Ankara Dsi Etlik Spor Salonu
İptal Edildi,-,1BA2355,26,BELLONA KAYSERİ BASKETBOL,-,ÇANKAYA ÜNİVERSİTESİ,,KAYSERİ,Kadir Has Kongre Merkezi Spor Salonu,,,,,,,,,,Kadir Has Kongre Merkezi Spor Salonu
İptal Edildi,-,1BA2357,26,FENERBAHÇE ÖZNUR KABLO,-,BİREVİM ELAZIĞ İL ÖZEL İDARE,,İSTANBUL,Fenerbahçe Metro Enerji Spor Salonu,,,,,,,,,,Fenerbahçe Metro Enerji Spor Salonu
